{"stats":{"minecraft:picked_up":{"minecraft:spruce_sapling":1,"minecraft:dark_oak_log":2,"minecraft:dirt":9},"minecraft:used":{"minecraft:dirt":9},"minecraft:mined":{"minecraft:dark_oak_log":2,"minecraft:spruce_leaves":2,"minecraft:powder_snow":46,"minecraft:dirt":10},"minecraft:custom":{"minecraft:jump":152,"minecraft:time_since_rest":11875,"minecraft:sprint_one_cm":17517,"minecraft:play_time":11875,"minecraft:damage_taken":120,"minecraft:time_since_death":11875,"minecraft:walk_one_cm":9816,"minecraft:total_world_time":11875,"minecraft:fall_one_cm":4857,"minecraft:fly_one_cm":17504},"minecraft:crafted":{"minecraft:dark_oak_planks":8,"minecraft:crafting_table":1}},"DataVersion":3953}