{"stats":{"minecraft:picked_up":{"minecraft:spruce_sapling":1,"minecraft:dark_oak_log":2,"minecraft:dirt":9},"minecraft:used":{"minecraft:dirt":9},"minecraft:mined":{"minecraft:dark_oak_log":2,"minecraft:spruce_leaves":2,"minecraft:powder_snow":46,"minecraft:dirt":10},"minecraft:custom":{"minecraft:jump":159,"minecraft:leave_game":1,"minecraft:time_since_rest":3350,"minecraft:deaths":3,"minecraft:sprint_one_cm":17544,"minecraft:play_time":19994,"minecraft:damage_taken":790,"minecraft:time_since_death":3288,"minecraft:walk_one_cm":10718,"minecraft:total_world_time":19994,"minecraft:fall_one_cm":5824,"minecraft:fly_one_cm":17669},"minecraft:crafted":{"minecraft:dark_oak_planks":8,"minecraft:crafting_table":1}},"DataVersion":3953}